format	width	quality	size	dssim	filename
webp	160	10	1600	0.01090866	./quality-samples/sample2.jpg
webp	160	10	1638	0.01250638	./quality-samples/sample0.jpg
webp	160	10	3778	0.01479715	./quality-samples/sample1.jpg
webp	160	10	3780	0.0168588	./quality-samples/sample3.jpg
webp	160	15	1798	0.00932275	./quality-samples/sample2.jpg
webp	160	35	2560	0.0048904	./quality-samples/sample2.jpg
webp	160	30	2412	0.00528159	./quality-samples/sample2.jpg
webp	160	20	2028	0.00761153	./quality-samples/sample2.jpg
webp	160	30	2660	0.00608524	./quality-samples/sample0.jpg
webp	160	25	2396	0.00707264	./quality-samples/sample0.jpg
webp	160	35	2914	0.00513479	./quality-samples/sample0.jpg
webp	160	15	1946	0.00969933	./quality-samples/sample0.jpg
webp	160	20	2160	0.00849687	./quality-samples/sample0.jpg
webp	160	15	4446	0.01156322	./quality-samples/sample1.jpg
webp	160	25	2188	0.00656264	./quality-samples/sample2.jpg
webp	160	35	6866	0.00610186	./quality-samples/sample1.jpg
webp	160	25	5670	0.0082818	./quality-samples/sample1.jpg
webp	160	30	6340	0.00684857	./quality-samples/sample1.jpg
webp	160	20	5066	0.00992615	./quality-samples/sample1.jpg
webp	160	15	4552	0.01324463	./quality-samples/sample3.jpg
webp	160	30	6380	0.00778079	./quality-samples/sample3.jpg
webp	160	25	5782	0.00914935	./quality-samples/sample3.jpg
webp	160	35	6988	0.00682761	./quality-samples/sample3.jpg
webp	160	20	5178	0.01094606	./quality-samples/sample3.jpg
webp	160	55	3714	0.00331203	./quality-samples/sample0.jpg
webp	160	45	3338	0.00385663	./quality-samples/sample0.jpg
webp	160	40	3126	0.00442534	./quality-samples/sample0.jpg
webp	160	50	3512	0.00368269	./quality-samples/sample0.jpg
webp	160	60	3904	0.00292396	./quality-samples/sample0.jpg
webp	160	45	2904	0.00366143	./quality-samples/sample2.jpg
webp	160	55	3324	0.00308177	./quality-samples/sample2.jpg
webp	160	60	3492	0.00280805	./quality-samples/sample2.jpg
webp	160	40	2768	0.00423365	./quality-samples/sample2.jpg
webp	160	50	3120	0.00338427	./quality-samples/sample2.jpg
webp	160	45	8054	0.004444	./quality-samples/sample1.jpg
webp	160	50	8524	0.00390718	./quality-samples/sample1.jpg
webp	160	40	7422	0.00532074	./quality-samples/sample1.jpg
webp	160	55	8958	0.00360323	./quality-samples/sample1.jpg
webp	160	60	9476	0.00316299	./quality-samples/sample1.jpg
webp	160	40	7538	0.0055701	./quality-samples/sample3.jpg
webp	160	60	9558	0.00353163	./quality-samples/sample3.jpg
webp	160	55	9112	0.00402735	./quality-samples/sample3.jpg
webp	160	85	6054	0.00144434	./quality-samples/sample0.jpg
webp	160	50	8520	0.00449556	./quality-samples/sample3.jpg
webp	160	45	8072	0.00489827	./quality-samples/sample3.jpg
webp	160	75	4500	0.00232306	./quality-samples/sample0.jpg
webp	160	70	4302	0.00242901	./quality-samples/sample0.jpg
webp	160	80	5234	0.00175725	./quality-samples/sample0.jpg
webp	160	65	4102	0.00277927	./quality-samples/sample0.jpg
webp	160	75	4168	0.00203786	./quality-samples/sample2.jpg
webp	160	80	4942	0.00149617	./quality-samples/sample2.jpg
webp	160	85	6098	0.00102863	./quality-samples/sample2.jpg
webp	160	70	3910	0.00223444	./quality-samples/sample2.jpg
webp	160	65	3728	0.00242073	./quality-samples/sample2.jpg
webp	160	75	11070	0.00220798	./quality-samples/sample1.jpg
webp	160	65	9920	0.00287024	./quality-samples/sample1.jpg
webp	160	85	15572	0.00098009	./quality-samples/sample1.jpg
webp	160	70	10494	0.00253662	./quality-samples/sample1.jpg
webp	160	80	13134	0.00149887	./quality-samples/sample1.jpg
webp	160	95	8886	0.00095947	./quality-samples/sample0.jpg
jpeg	160	10	1816	0.02177186	./quality-samples/sample0.jpg
webp	160	90	7110	0.00119303	./quality-samples/sample0.jpg
webp	160	100	11124	0.0008429	./quality-samples/sample0.jpg
webp	160	95	10764	0.00041326	./quality-samples/sample2.jpg
webp	160	100	15548	0.00029106	./quality-samples/sample2.jpg
webp	160	90	7960	0.00066938	./quality-samples/sample2.jpg
jpeg	160	10	2314	0.02085872	./quality-samples/sample2.jpg
webp	160	85	15760	0.00135323	./quality-samples/sample3.jpg
webp	160	70	10778	0.00296746	./quality-samples/sample3.jpg
webp	160	75	11198	0.00269047	./quality-samples/sample3.jpg
webp	160	80	13332	0.00194511	./quality-samples/sample3.jpg
webp	160	65	10078	0.00326632	./quality-samples/sample3.jpg
jpeg	160	10	3186	0.02595379	./quality-samples/sample1.jpg
webp	160	95	24084	0.00031958	./quality-samples/sample1.jpg
webp	160	90	18794	0.00060919	./quality-samples/sample1.jpg
webp	160	100	30494	0.00022258	./quality-samples/sample1.jpg
jpeg	160	30	3008	0.00766451	./quality-samples/sample0.jpg
jpeg	160	25	2744	0.00892718	./quality-samples/sample0.jpg
jpeg	160	35	3259	0.00682527	./quality-samples/sample0.jpg
jpeg	160	15	2159	0.01479435	./quality-samples/sample0.jpg
jpeg	160	30	3767	0.00592807	./quality-samples/sample2.jpg
jpeg	160	20	3100	0.01018441	./quality-samples/sample2.jpg
jpeg	160	15	2759	0.01288993	./quality-samples/sample2.jpg
jpeg	160	35	4087	0.00489303	./quality-samples/sample2.jpg
jpeg	160	25	3432	0.0075024	./quality-samples/sample2.jpg
jpeg	160	20	2467	0.01090474	./quality-samples/sample0.jpg
jpeg	160	35	6728	0.0062471	./quality-samples/sample1.jpg
jpeg	160	20	4835	0.01151399	./quality-samples/sample1.jpg
jpeg	160	25	5499	0.00911917	./quality-samples/sample1.jpg
webp	160	95	22950	0.00075463	./quality-samples/sample3.jpg
jpeg	160	30	6138	0.00752814	./quality-samples/sample1.jpg
jpeg	160	15	4044	0.01609638	./quality-samples/sample1.jpg
jpeg	160	10	3310	0.02780576	./quality-samples/sample3.jpg
webp	160	100	28732	0.00061214	./quality-samples/sample3.jpg
webp	160	90	18706	0.00100709	./quality-samples/sample3.jpg
jpeg	160	50	4835	0.00330282	./quality-samples/sample2.jpg
jpeg	160	55	5080	0.00300533	./quality-samples/sample2.jpg
jpeg	160	40	3488	0.00592846	./quality-samples/sample0.jpg
jpeg	160	45	3690	0.00528983	./quality-samples/sample0.jpg
jpeg	160	60	4381	0.00402567	./quality-samples/sample0.jpg
jpeg	160	55	4120	0.0044937	./quality-samples/sample0.jpg
jpeg	160	40	4334	0.00424872	./quality-samples/sample2.jpg
jpeg	160	45	4604	0.003705	./quality-samples/sample2.jpg
jpeg	160	60	5381	0.00269233	./quality-samples/sample2.jpg
jpeg	160	50	3898	0.00502925	./quality-samples/sample0.jpg
jpeg	160	50	8323	0.00443155	./quality-samples/sample1.jpg
jpeg	160	60	9458	0.00355969	./quality-samples/sample1.jpg
jpeg	160	40	7232	0.00558044	./quality-samples/sample1.jpg
jpeg	160	55	8850	0.00402191	./quality-samples/sample1.jpg
jpeg	160	45	7787	0.00499643	./quality-samples/sample1.jpg
jpeg	160	20	5022	0.01309913	./quality-samples/sample3.jpg
jpeg	160	35	6994	0.00739283	./quality-samples/sample3.jpg
jpeg	160	15	4222	0.01798465	./quality-samples/sample3.jpg
jpeg	160	30	6387	0.00843664	./quality-samples/sample3.jpg
jpeg	160	25	5733	0.0101814	./quality-samples/sample3.jpg
jpeg	160	65	5766	0.00230936	./quality-samples/sample2.jpg
jpeg	160	80	6277	0.00222278	./quality-samples/sample0.jpg
jpeg	160	75	6761	0.00164992	./quality-samples/sample2.jpg
jpeg	160	70	6215	0.00201841	./quality-samples/sample2.jpg
jpeg	160	70	5119	0.00305614	./quality-samples/sample0.jpg
jpeg	160	85	7206	0.00171592	./quality-samples/sample0.jpg
jpeg	160	85	8795	0.00097375	./quality-samples/sample2.jpg
jpeg	160	75	5585	0.00268793	./quality-samples/sample0.jpg
jpeg	160	65	4704	0.00361132	./quality-samples/sample0.jpg
jpeg	160	80	7611	0.00131508	./quality-samples/sample2.jpg
jpeg	160	65	10238	0.00303737	./quality-samples/sample1.jpg
jpeg	160	85	16362	0.00124211	./quality-samples/sample1.jpg
jpeg	160	80	13978	0.0017367	./quality-samples/sample1.jpg
jpeg	160	75	12236	0.0022258	./quality-samples/sample1.jpg
jpeg	160	70	11175	0.00263972	./quality-samples/sample1.jpg
jpeg	160	50	8584	0.00530844	./quality-samples/sample3.jpg
jpeg	160	90	10882	0.00062792	./quality-samples/sample2.jpg
jpeg	160	45	8056	0.00582185	./quality-samples/sample3.jpg
jpeg	160	60	9702	0.00429771	./quality-samples/sample3.jpg
jpeg	160	55	9083	0.00478932	./quality-samples/sample3.jpg
jpeg	160	40	7510	0.00644079	./quality-samples/sample3.jpg
jpeg	160	90	8810	0.00118956	./quality-samples/sample0.jpg
jpeg	160	95	15374	0.00033708	./quality-samples/sample2.jpg
jpeg	160	100	30462	0.00016853	./quality-samples/sample2.jpg
jpeg	160	95	11855	0.00080795	./quality-samples/sample0.jpg
jpeg	160	100	20576	0.00067143	./quality-samples/sample0.jpg
jpeg	160	90	20232	0.00075434	./quality-samples/sample1.jpg
jpeg	160	95	28217	0.00033414	./quality-samples/sample1.jpg
jpeg	160	100	50057	0.00015578	./quality-samples/sample1.jpg
jpeg	160	75	12702	0.00280285	./quality-samples/sample3.jpg
jpeg	160	85	16906	0.00163664	./quality-samples/sample3.jpg
jpeg	160	80	14498	0.00218091	./quality-samples/sample3.jpg
jpeg	160	70	11526	0.00328241	./quality-samples/sample3.jpg
jpeg	160	65	10484	0.0038204	./quality-samples/sample3.jpg
webp	320	10	5238	0.01285188	./quality-samples/sample0.jpg
webp	320	10	3892	0.01080637	./quality-samples/sample2.jpg
webp	320	10	11184	0.01554609	./quality-samples/sample1.jpg
jpeg	160	90	20906	0.00109129	./quality-samples/sample3.jpg
jpeg	160	100	50703	0.00045989	./quality-samples/sample3.jpg
jpeg	160	95	28863	0.0006236	./quality-samples/sample3.jpg
webp	320	30	6220	0.00615487	./quality-samples/sample2.jpg
webp	320	25	5656	0.00701127	./quality-samples/sample2.jpg
webp	320	30	8508	0.00614474	./quality-samples/sample0.jpg
webp	320	35	9176	0.0052319	./quality-samples/sample0.jpg
webp	320	15	6180	0.00989841	./quality-samples/sample0.jpg
webp	320	20	6962	0.00834088	./quality-samples/sample0.jpg
webp	320	15	4470	0.00913306	./quality-samples/sample2.jpg
webp	320	20	5044	0.00787574	./quality-samples/sample2.jpg
webp	320	35	6812	0.00563973	./quality-samples/sample2.jpg
webp	320	25	7694	0.00717197	./quality-samples/sample0.jpg
webp	320	30	19310	0.00742316	./quality-samples/sample1.jpg
webp	320	35	21086	0.00637632	./quality-samples/sample1.jpg
webp	320	20	15308	0.01046379	./quality-samples/sample1.jpg
webp	320	15	13278	0.01276838	./quality-samples/sample1.jpg
webp	320	25	17420	0.00862051	./quality-samples/sample1.jpg
webp	320	45	10636	0.00405954	./quality-samples/sample0.jpg
webp	320	45	8000	0.00469385	./quality-samples/sample2.jpg
webp	320	40	9866	0.00467893	./quality-samples/sample0.jpg
webp	320	60	9530	0.00373404	./quality-samples/sample2.jpg
webp	320	60	12436	0.0031514	./quality-samples/sample0.jpg
webp	320	55	9122	0.00380839	./quality-samples/sample2.jpg
webp	320	40	7338	0.0051479	./quality-samples/sample2.jpg
webp	320	55	11858	0.00340346	./quality-samples/sample0.jpg
webp	320	50	8496	0.0041809	./quality-samples/sample2.jpg
webp	320	50	11314	0.00373699	./quality-samples/sample0.jpg
webp	320	40	23102	0.00538667	./quality-samples/sample1.jpg
webp	320	50	26734	0.00415303	./quality-samples/sample1.jpg
webp	320	55	28374	0.00373247	./quality-samples/sample1.jpg
webp	320	45	24806	0.00473813	./quality-samples/sample1.jpg
webp	320	60	30482	0.00320199	./quality-samples/sample1.jpg
webp	320	10	11812	0.01634883	./quality-samples/sample3.jpg
webp	320	65	10146	0.00317816	./quality-samples/sample2.jpg
webp	320	80	16862	0.00174575	./quality-samples/sample0.jpg
webp	320	85	19674	0.00135619	./quality-samples/sample0.jpg
webp	320	75	14286	0.00236761	./quality-samples/sample0.jpg
webp	320	70	13812	0.00261244	./quality-samples/sample0.jpg
webp	320	80	14238	0.00207557	./quality-samples/sample2.jpg
webp	320	85	17826	0.00132845	./quality-samples/sample2.jpg
webp	320	70	10948	0.00305405	./quality-samples/sample2.jpg
webp	320	75	11520	0.00282243	./quality-samples/sample2.jpg
webp	320	65	13172	0.00275671	./quality-samples/sample0.jpg
webp	320	70	34226	0.00256273	./quality-samples/sample1.jpg
webp	320	80	43180	0.00157365	./quality-samples/sample1.jpg
webp	320	75	36562	0.00227033	./quality-samples/sample1.jpg
webp	320	65	32408	0.00288793	./quality-samples/sample1.jpg
webp	320	85	52760	0.00099117	./quality-samples/sample1.jpg
webp	320	25	17754	0.00907293	./quality-samples/sample3.jpg
webp	320	35	21524	0.00664564	./quality-samples/sample3.jpg
webp	320	15	13924	0.01288455	./quality-samples/sample3.jpg
webp	320	20	15998	0.01059135	./quality-samples/sample3.jpg
webp	320	30	19578	0.0077752	./quality-samples/sample3.jpg
webp	320	95	35988	0.00040462	./quality-samples/sample2.jpg
webp	320	100	37870	0.00071291	./quality-samples/sample0.jpg
jpeg	320	10	4505	0.02317051	./quality-samples/sample0.jpg
webp	320	90	23622	0.00102947	./quality-samples/sample0.jpg
jpeg	320	10	5566	0.02112674	./quality-samples/sample2.jpg
webp	320	100	49590	0.0002919	./quality-samples/sample2.jpg
webp	320	90	23428	0.00071909	./quality-samples/sample2.jpg
webp	320	95	29308	0.00083694	./quality-samples/sample0.jpg
webp	320	100	110802	0.00021456	./quality-samples/sample1.jpg
webp	320	95	85696	0.00031819	./quality-samples/sample1.jpg
webp	320	90	65798	0.00057316	./quality-samples/sample1.jpg
jpeg	320	10	9581	0.0262873	./quality-samples/sample1.jpg
webp	320	40	23326	0.00574926	./quality-samples/sample3.jpg
webp	320	45	25258	0.0051764	./quality-samples/sample3.jpg
webp	320	55	28714	0.00402554	./quality-samples/sample3.jpg
webp	320	60	30220	0.00367921	./quality-samples/sample3.jpg
webp	320	50	26646	0.00462544	./quality-samples/sample3.jpg
jpeg	320	30	8764	0.00801994	./quality-samples/sample0.jpg
jpeg	320	15	6717	0.01375764	./quality-samples/sample2.jpg
jpeg	320	25	8727	0.00752815	./quality-samples/sample2.jpg
jpeg	320	15	5758	0.01556875	./quality-samples/sample0.jpg
jpeg	320	20	6815	0.01196212	./quality-samples/sample0.jpg
jpeg	320	30	9659	0.00589714	./quality-samples/sample2.jpg
jpeg	320	25	7822	0.00947994	./quality-samples/sample0.jpg
jpeg	320	35	10537	0.00472887	./quality-samples/sample2.jpg
jpeg	320	20	7726	0.00987579	./quality-samples/sample2.jpg
jpeg	320	35	9648	0.00703629	./quality-samples/sample0.jpg
jpeg	320	20	15193	0.01127467	./quality-samples/sample1.jpg
jpeg	320	30	19749	0.00706138	./quality-samples/sample1.jpg
jpeg	320	25	17572	0.00871886	./quality-samples/sample1.jpg
jpeg	320	15	12648	0.01602382	./quality-samples/sample1.jpg
jpeg	320	35	21777	0.00598128	./quality-samples/sample1.jpg
webp	320	75	36028	0.00264989	./quality-samples/sample3.jpg
webp	320	70	33840	0.00298273	./quality-samples/sample3.jpg
webp	320	85	50780	0.0013889	./quality-samples/sample3.jpg
webp	320	80	42278	0.00194944	./quality-samples/sample3.jpg
webp	320	65	32162	0.00327992	./quality-samples/sample3.jpg
jpeg	320	60	14637	0.0025675	./quality-samples/sample2.jpg
jpeg	320	45	12123	0.0035453	./quality-samples/sample2.jpg
jpeg	320	60	13657	0.00417679	./quality-samples/sample0.jpg
jpeg	320	40	10442	0.00635866	./quality-samples/sample0.jpg
jpeg	320	40	11275	0.00411213	./quality-samples/sample2.jpg
jpeg	320	50	12845	0.00319455	./quality-samples/sample2.jpg
jpeg	320	45	11274	0.00569216	./quality-samples/sample0.jpg
jpeg	320	50	11983	0.00505993	./quality-samples/sample0.jpg
jpeg	320	55	13608	0.00292204	./quality-samples/sample2.jpg
jpeg	320	55	12736	0.00465877	./quality-samples/sample0.jpg
jpeg	320	40	23471	0.00518444	./quality-samples/sample1.jpg
jpeg	320	50	27051	0.00419802	./quality-samples/sample1.jpg
jpeg	320	55	28825	0.0037093	./quality-samples/sample1.jpg
jpeg	320	60	30955	0.00328694	./quality-samples/sample1.jpg
jpeg	320	45	25372	0.00459437	./quality-samples/sample1.jpg
webp	320	100	101522	0.00053005	./quality-samples/sample3.jpg
webp	320	95	79272	0.00067985	./quality-samples/sample3.jpg
jpeg	320	10	10096	0.02734276	./quality-samples/sample3.jpg
webp	320	90	62808	0.00094587	./quality-samples/sample3.jpg
jpeg	320	75	19109	0.00155744	./quality-samples/sample2.jpg
jpeg	320	65	15852	0.00222207	./quality-samples/sample2.jpg
jpeg	320	80	21868	0.00124267	./quality-samples/sample2.jpg
jpeg	320	85	25591	0.00091283	./quality-samples/sample2.jpg
jpeg	320	85	23434	0.0015638	./quality-samples/sample0.jpg
jpeg	320	70	17406	0.00191038	./quality-samples/sample2.jpg
jpeg	320	80	20149	0.00212568	./quality-samples/sample0.jpg
jpeg	320	75	17843	0.00270865	./quality-samples/sample0.jpg
jpeg	320	70	16200	0.00319711	./quality-samples/sample0.jpg
jpeg	320	65	14809	0.00371917	./quality-samples/sample0.jpg
jpeg	320	70	36977	0.00246576	./quality-samples/sample1.jpg
jpeg	320	85	55370	0.00115867	./quality-samples/sample1.jpg
jpeg	320	80	46937	0.00160946	./quality-samples/sample1.jpg
jpeg	320	75	40861	0.00206278	./quality-samples/sample1.jpg
jpeg	320	65	33615	0.00287517	./quality-samples/sample1.jpg
jpeg	320	15	13124	0.01744789	./quality-samples/sample3.jpg
jpeg	320	20	15774	0.01243457	./quality-samples/sample3.jpg
jpeg	320	30	20580	0.00813933	./quality-samples/sample3.jpg
jpeg	320	25	18296	0.00998366	./quality-samples/sample3.jpg
jpeg	320	35	22648	0.00706762	./quality-samples/sample3.jpg
jpeg	320	95	47365	0.00029827	./quality-samples/sample2.jpg
jpeg	320	90	32324	0.00057283	./quality-samples/sample2.jpg
jpeg	320	100	102121	0.00012101	./quality-samples/sample2.jpg
jpeg	320	90	28768	0.00109999	./quality-samples/sample0.jpg
jpeg	320	95	39616	0.00070043	./quality-samples/sample0.jpg
jpeg	320	100	71594	0.0005769	./quality-samples/sample0.jpg
jpeg	320	100	181612	0.00013991	./quality-samples/sample1.jpg
jpeg	320	95	99110	0.00033148	./quality-samples/sample1.jpg
jpeg	320	90	69623	0.00072454	./quality-samples/sample1.jpg
jpeg	320	60	32199	0.00410491	./quality-samples/sample3.jpg
jpeg	320	50	28186	0.00500469	./quality-samples/sample3.jpg
jpeg	320	40	24423	0.00626253	./quality-samples/sample3.jpg
jpeg	320	45	26426	0.00554011	./quality-samples/sample3.jpg
jpeg	320	55	30013	0.00449369	./quality-samples/sample3.jpg
webp	640	10	18072	0.01143545	./quality-samples/sample0.jpg
webp	640	10	10126	0.01226394	./quality-samples/sample2.jpg
webp	640	10	30746	0.01770346	./quality-samples/sample1.jpg
jpeg	320	85	57119	0.00157631	./quality-samples/sample3.jpg
jpeg	320	80	48623	0.00213846	./quality-samples/sample3.jpg
jpeg	320	70	38395	0.0031527	./quality-samples/sample3.jpg
jpeg	320	75	42333	0.00264578	./quality-samples/sample3.jpg
jpeg	320	65	34944	0.0036058	./quality-samples/sample3.jpg
webp	640	25	25958	0.0065167	./quality-samples/sample0.jpg
webp	640	15	20956	0.00914407	./quality-samples/sample0.jpg
webp	640	35	30608	0.00487899	./quality-samples/sample0.jpg
webp	640	20	23644	0.00753102	./quality-samples/sample0.jpg
webp	640	30	28304	0.00558235	./quality-samples/sample0.jpg
webp	640	30	16708	0.00659295	./quality-samples/sample2.jpg
webp	640	15	11952	0.01023516	./quality-samples/sample2.jpg
webp	640	25	15070	0.00761325	./quality-samples/sample2.jpg
webp	640	20	13496	0.0087157	./quality-samples/sample2.jpg
webp	640	35	18176	0.00612348	./quality-samples/sample2.jpg
webp	640	25	47766	0.00908399	./quality-samples/sample1.jpg
webp	640	20	41746	0.01099219	./quality-samples/sample1.jpg
webp	640	30	52920	0.00769822	./quality-samples/sample1.jpg
webp	640	35	59136	0.00649262	./quality-samples/sample1.jpg
webp	640	15	36588	0.01346533	./quality-samples/sample1.jpg
jpeg	320	100	182183	0.0004004	./quality-samples/sample3.jpg
jpeg	320	90	71595	0.00104681	./quality-samples/sample3.jpg
jpeg	320	95	100294	0.00059216	./quality-samples/sample3.jpg
webp	640	60	41640	0.00285638	./quality-samples/sample0.jpg
webp	640	55	39656	0.00312068	./quality-samples/sample0.jpg
webp	640	50	37728	0.00341429	./quality-samples/sample0.jpg
webp	640	40	33264	0.00425413	./quality-samples/sample0.jpg
webp	640	45	35512	0.00382098	./quality-samples/sample0.jpg
webp	640	45	21308	0.00485719	./quality-samples/sample2.jpg
webp	640	50	22896	0.00450542	./quality-samples/sample2.jpg
webp	640	60	26280	0.00372983	./quality-samples/sample2.jpg
webp	640	55	24544	0.00403799	./quality-samples/sample2.jpg
webp	640	40	19642	0.00547289	./quality-samples/sample2.jpg
webp	640	45	70484	0.00480264	./quality-samples/sample1.jpg
webp	640	60	86164	0.00341896	./quality-samples/sample1.jpg
webp	640	50	75376	0.00428565	./quality-samples/sample1.jpg
webp	640	40	64122	0.00565877	./quality-samples/sample1.jpg
webp	640	55	79494	0.00386572	./quality-samples/sample1.jpg
webp	640	80	56140	0.00168843	./quality-samples/sample0.jpg
webp	640	85	65482	0.00129858	./quality-samples/sample0.jpg
webp	640	65	43806	0.00263346	./quality-samples/sample0.jpg
webp	640	70	45716	0.00241614	./quality-samples/sample0.jpg
webp	640	75	48034	0.00221471	./quality-samples/sample0.jpg
webp	640	85	49158	0.00153303	./quality-samples/sample2.jpg
webp	640	70	30190	0.0031462	./quality-samples/sample2.jpg
webp	640	80	40214	0.00230358	./quality-samples/sample2.jpg
webp	640	75	32412	0.00290126	./quality-samples/sample2.jpg
webp	640	65	27828	0.00351305	./quality-samples/sample2.jpg
webp	640	80	127756	0.00164973	./quality-samples/sample1.jpg
webp	640	75	104808	0.00243078	./quality-samples/sample1.jpg
webp	640	70	96516	0.00279617	./quality-samples/sample1.jpg
webp	640	85	157658	0.00110726	./quality-samples/sample1.jpg
webp	640	65	91784	0.00303598	./quality-samples/sample1.jpg
webp	640	95	100684	0.00076655	./quality-samples/sample0.jpg
webp	640	100	132242	0.00065054	./quality-samples/sample0.jpg
jpeg	640	10	14330	0.02630289	./quality-samples/sample0.jpg
webp	640	90	79416	0.00095448	./quality-samples/sample0.jpg
webp	640	10	35566	0.01761419	./quality-samples/sample3.jpg
jpeg	640	10	16766	0.02251815	./quality-samples/sample2.jpg
webp	640	90	69280	0.00080218	./quality-samples/sample2.jpg
webp	640	95	112434	0.00043065	./quality-samples/sample2.jpg
webp	640	100	165322	0.00028932	./quality-samples/sample2.jpg
jpeg	640	10	30988	0.02590687	./quality-samples/sample1.jpg
webp	640	95	283512	0.00033274	./quality-samples/sample1.jpg
webp	640	90	214282	0.00060814	./quality-samples/sample1.jpg
webp	640	100	386582	0.00019655	./quality-samples/sample1.jpg
jpeg	640	20	22300	0.01287549	./quality-samples/sample0.jpg
jpeg	640	15	18524	0.01700919	./quality-samples/sample0.jpg
jpeg	640	25	25941	0.01013125	./quality-samples/sample0.jpg
jpeg	640	35	32464	0.00727368	./quality-samples/sample0.jpg
jpeg	640	30	29322	0.00844349	./quality-samples/sample0.jpg
jpeg	640	20	23672	0.01003109	./quality-samples/sample2.jpg
jpeg	640	35	32449	0.00451811	./quality-samples/sample2.jpg
jpeg	640	25	26857	0.00747983	./quality-samples/sample2.jpg
jpeg	640	15	20445	0.01401246	./quality-samples/sample2.jpg
jpeg	640	30	29813	0.00570267	./quality-samples/sample2.jpg
webp	640	20	47216	0.0111756	./quality-samples/sample3.jpg
webp	640	30	58736	0.00811823	./quality-samples/sample3.jpg
webp	640	25	53168	0.00940631	./quality-samples/sample3.jpg
webp	640	35	64376	0.00703117	./quality-samples/sample3.jpg
webp	640	15	41190	0.01386048	./quality-samples/sample3.jpg
jpeg	640	30	64676	0.00633544	./quality-samples/sample1.jpg
jpeg	640	35	71449	0.00533425	./quality-samples/sample1.jpg
jpeg	640	25	57535	0.00801581	./quality-samples/sample1.jpg
jpeg	640	20	49592	0.01058511	./quality-samples/sample1.jpg
jpeg	640	15	40989	0.01528301	./quality-samples/sample1.jpg
jpeg	640	40	35089	0.00646798	./quality-samples/sample0.jpg
jpeg	640	50	40440	0.0051387	./quality-samples/sample0.jpg
jpeg	640	60	46148	0.00414415	./quality-samples/sample0.jpg
jpeg	640	45	37935	0.00573949	./quality-samples/sample0.jpg
jpeg	640	55	43094	0.00463387	./quality-samples/sample0.jpg
jpeg	640	40	34660	0.00385989	./quality-samples/sample2.jpg
jpeg	640	60	44814	0.00226882	./quality-samples/sample2.jpg
jpeg	640	50	39544	0.00288174	./quality-samples/sample2.jpg
jpeg	640	55	41831	0.00256211	./quality-samples/sample2.jpg
jpeg	640	45	37328	0.00324504	./quality-samples/sample2.jpg
jpeg	640	60	101353	0.00282301	./quality-samples/sample1.jpg
jpeg	640	45	83262	0.00398994	./quality-samples/sample1.jpg
jpeg	640	40	77072	0.00457943	./quality-samples/sample1.jpg
jpeg	640	50	88722	0.00355555	./quality-samples/sample1.jpg
jpeg	640	55	94465	0.00316432	./quality-samples/sample1.jpg
webp	640	50	80272	0.00492968	./quality-samples/sample3.jpg
jpeg	640	80	68032	0.00202561	./quality-samples/sample0.jpg
webp	640	40	69500	0.00618986	./quality-samples/sample3.jpg
webp	640	60	90232	0.00414513	./quality-samples/sample3.jpg
webp	640	55	85416	0.00439385	./quality-samples/sample3.jpg
webp	640	45	75334	0.00550339	./quality-samples/sample3.jpg
jpeg	640	85	79009	0.00152312	./quality-samples/sample0.jpg
jpeg	640	65	50005	0.0036287	./quality-samples/sample0.jpg
jpeg	640	75	60010	0.0026044	./quality-samples/sample0.jpg
jpeg	640	70	54656	0.00310653	./quality-samples/sample0.jpg
jpeg	640	75	58326	0.00131047	./quality-samples/sample2.jpg
jpeg	640	65	48480	0.0019598	./quality-samples/sample2.jpg
jpeg	640	80	66785	0.00104441	./quality-samples/sample2.jpg
jpeg	640	70	53146	0.00163352	./quality-samples/sample2.jpg
jpeg	640	85	79177	0.0007691	./quality-samples/sample2.jpg
jpeg	640	65	109973	0.00243743	./quality-samples/sample1.jpg
jpeg	640	70	120711	0.00206698	./quality-samples/sample1.jpg
jpeg	640	85	179670	0.00100368	./quality-samples/sample1.jpg
jpeg	640	80	152444	0.0013617	./quality-samples/sample1.jpg
jpeg	640	75	132994	0.00173447	./quality-samples/sample1.jpg
webp	640	70	103340	0.00301182	./quality-samples/sample3.jpg
jpeg	640	90	97432	0.00102544	./quality-samples/sample0.jpg
jpeg	640	100	253543	0.00053481	./quality-samples/sample0.jpg
jpeg	640	95	135026	0.00067571	./quality-samples/sample0.jpg
jpeg	640	90	101777	0.00049153	./quality-samples/sample2.jpg
jpeg	640	95	153553	0.0002544	./quality-samples/sample2.jpg
jpeg	640	100	356269	0.00008946	./quality-samples/sample2.jpg
webp	640	85	157692	0.001392	./quality-samples/sample3.jpg
webp	640	75	109028	0.00274432	./quality-samples/sample3.jpg
webp	640	80	131688	0.00196443	./quality-samples/sample3.jpg
webp	640	65	95814	0.00377532	./quality-samples/sample3.jpg
jpeg	640	90	228069	0.00065533	./quality-samples/sample1.jpg
jpeg	640	95	334890	0.00031683	./quality-samples/sample1.jpg
jpeg	640	100	640292	0.00011293	./quality-samples/sample1.jpg
jpeg	640	10	32779	0.02822178	./quality-samples/sample3.jpg
webp	640	95	268072	0.00056117	./quality-samples/sample3.jpg
webp	640	90	198566	0.00088827	./quality-samples/sample3.jpg
webp	1280	10	55734	0.00978244	./quality-samples/sample0.jpg
webp	640	100	349608	0.00042552	./quality-samples/sample3.jpg
webp	1280	10	28028	0.0123325	./quality-samples/sample2.jpg
webp	1280	15	63832	0.00798181	./quality-samples/sample0.jpg
webp	1280	25	78416	0.00591154	./quality-samples/sample0.jpg
webp	1280	35	91802	0.00430622	./quality-samples/sample0.jpg
webp	1280	30	85326	0.00483778	./quality-samples/sample0.jpg
jpeg	640	30	67328	0.00789072	./quality-samples/sample3.jpg
webp	1280	20	71746	0.00670404	./quality-samples/sample0.jpg
jpeg	640	20	51768	0.01239539	./quality-samples/sample3.jpg
jpeg	640	15	42925	0.01719706	./quality-samples/sample3.jpg
jpeg	640	35	74427	0.00665778	./quality-samples/sample3.jpg
jpeg	640	25	59898	0.0096205	./quality-samples/sample3.jpg
webp	1280	15	31948	0.01003733	./quality-samples/sample2.jpg
webp	1280	30	43596	0.00643857	./quality-samples/sample2.jpg
webp	1280	25	39940	0.00731062	./quality-samples/sample2.jpg
webp	1280	20	36284	0.00845271	./quality-samples/sample2.jpg
webp	1280	10	82488	0.01724671	./quality-samples/sample1.jpg
webp	1280	35	47572	0.00565665	./quality-samples/sample2.jpg
webp	1280	55	118892	0.00275378	./quality-samples/sample0.jpg
webp	1280	60	124730	0.00251158	./quality-samples/sample0.jpg
webp	1280	40	100016	0.00372712	./quality-samples/sample0.jpg
webp	1280	45	106844	0.00333376	./quality-samples/sample0.jpg
webp	1280	50	112940	0.00301011	./quality-samples/sample0.jpg
webp	1280	60	67586	0.00343716	./quality-samples/sample2.jpg
jpeg	640	50	92639	0.00465519	./quality-samples/sample3.jpg
webp	1280	35	151128	0.00711417	./quality-samples/sample1.jpg
jpeg	640	40	80448	0.00585038	./quality-samples/sample3.jpg
webp	1280	45	55246	0.0045325	./quality-samples/sample2.jpg
webp	1280	70	136894	0.00215593	./quality-samples/sample0.jpg
webp	1280	65	130584	0.00231472	./quality-samples/sample0.jpg
webp	1280	50	59606	0.00396625	./quality-samples/sample2.jpg
webp	1280	40	51202	0.00499257	./quality-samples/sample2.jpg
webp	1280	75	144156	0.0019625	./quality-samples/sample0.jpg
webp	1280	55	62814	0.00365297	./quality-samples/sample2.jpg
webp	1280	80	169820	0.00150318	./quality-samples/sample0.jpg
jpeg	640	55	98710	0.00416561	./quality-samples/sample3.jpg
webp	1280	85	202224	0.00115	./quality-samples/sample0.jpg
webp	1280	15	96184	0.01363688	./quality-samples/sample1.jpg
webp	1280	30	136992	0.00825616	./quality-samples/sample1.jpg
jpeg	640	60	105873	0.0037468	./quality-samples/sample3.jpg
webp	1280	20	109374	0.01138799	./quality-samples/sample1.jpg
webp	1280	25	122540	0.00966762	./quality-samples/sample1.jpg
jpeg	640	45	86954	0.00516005	./quality-samples/sample3.jpg
webp	1280	75	81842	0.00252446	./quality-samples/sample2.jpg
webp	1280	70	76170	0.00279818	./quality-samples/sample2.jpg
webp	1280	65	71636	0.00312851	./quality-samples/sample2.jpg
webp	1280	85	130384	0.00140372	./quality-samples/sample2.jpg
webp	1280	80	102856	0.00191786	./quality-samples/sample2.jpg
jpeg	1280	10	50358	0.02468026	./quality-samples/sample0.jpg
webp	1280	90	250200	0.00086099	./quality-samples/sample0.jpg
webp	1280	95	335996	0.00059363	./quality-samples/sample0.jpg
webp	1280	100	466864	0.0004644	./quality-samples/sample0.jpg
webp	1280	55	208876	0.00430028	./quality-samples/sample1.jpg
jpeg	640	85	187023	0.00141898	./quality-samples/sample3.jpg
webp	1280	45	179238	0.00545554	./quality-samples/sample1.jpg
webp	1280	40	167082	0.00617709	./quality-samples/sample1.jpg
webp	1280	50	192894	0.00495985	./quality-samples/sample1.jpg
jpeg	640	75	138987	0.00239273	./quality-samples/sample3.jpg
webp	1280	60	223244	0.00378628	./quality-samples/sample1.jpg
jpeg	640	65	115004	0.00326884	./quality-samples/sample3.jpg
jpeg	640	70	126066	0.00283209	./quality-samples/sample3.jpg
jpeg	640	80	159361	0.00189133	./quality-samples/sample3.jpg
jpeg	1280	10	57312	0.02249281	./quality-samples/sample2.jpg
webp	1280	90	193784	0.00082678	./quality-samples/sample2.jpg
jpeg	1280	20	76003	0.01102342	./quality-samples/sample0.jpg
webp	1280	95	350452	0.00042445	./quality-samples/sample2.jpg
jpeg	1280	15	64016	0.01528202	./quality-samples/sample0.jpg
webp	1280	100	527082	0.00027939	./quality-samples/sample2.jpg
jpeg	1280	30	97468	0.00692729	./quality-samples/sample0.jpg
jpeg	1280	25	87211	0.00850088	./quality-samples/sample0.jpg
jpeg	1280	35	107026	0.00587512	./quality-samples/sample0.jpg
webp	1280	85	489040	0.00122402	./quality-samples/sample1.jpg
webp	1280	80	363766	0.00190738	./quality-samples/sample1.jpg
jpeg	640	95	334802	0.00051742	./quality-samples/sample3.jpg
webp	1280	65	241548	0.00341739	./quality-samples/sample1.jpg
jpeg	640	100	636159	0.00029935	./quality-samples/sample3.jpg
jpeg	640	90	235254	0.00094513	./quality-samples/sample3.jpg
webp	1280	70	259502	0.00301561	./quality-samples/sample1.jpg
webp	1280	75	279170	0.00272489	./quality-samples/sample1.jpg
jpeg	1280	25	84376	0.00672088	./quality-samples/sample2.jpg
jpeg	1280	20	75953	0.00930669	./quality-samples/sample2.jpg
jpeg	1280	50	131741	0.00399355	./quality-samples/sample0.jpg
jpeg	1280	55	139797	0.00358329	./quality-samples/sample0.jpg
jpeg	1280	60	149621	0.00320493	./quality-samples/sample0.jpg
jpeg	1280	40	115185	0.00513792	./quality-samples/sample0.jpg
jpeg	1280	35	99862	0.00401547	./quality-samples/sample2.jpg
jpeg	1280	45	123940	0.00450611	./quality-samples/sample0.jpg
jpeg	1280	15	67211	0.01348643	./quality-samples/sample2.jpg
jpeg	1280	30	92177	0.00513317	./quality-samples/sample2.jpg
jpeg	1280	10	97996	0.02601128	./quality-samples/sample1.jpg
webp	1280	90	673326	0.00067722	./quality-samples/sample1.jpg
webp	1280	95	976312	0.00031155	./quality-samples/sample1.jpg
webp	1280	100	1313136	0.00018436	./quality-samples/sample1.jpg
jpeg	1280	65	161710	0.00278557	./quality-samples/sample0.jpg
jpeg	1280	70	176222	0.00237975	./quality-samples/sample0.jpg
jpeg	1280	80	219222	0.00155375	./quality-samples/sample0.jpg
jpeg	1280	75	193282	0.00198173	./quality-samples/sample0.jpg
jpeg	1280	55	127240	0.00216764	./quality-samples/sample2.jpg
jpeg	1280	40	106272	0.0033834	./quality-samples/sample2.jpg
jpeg	1280	85	255756	0.00116629	./quality-samples/sample0.jpg
jpeg	1280	50	120362	0.00243501	./quality-samples/sample2.jpg
jpeg	1280	45	113806	0.00283194	./quality-samples/sample2.jpg
jpeg	1280	60	136497	0.00192933	./quality-samples/sample2.jpg
jpeg	1280	25	176210	0.00767418	./quality-samples/sample1.jpg
jpeg	1280	35	220190	0.00498337	./quality-samples/sample1.jpg
jpeg	1280	15	126617	0.01536243	./quality-samples/sample1.jpg
jpeg	1280	30	198341	0.00605914	./quality-samples/sample1.jpg
jpeg	1280	20	151982	0.01043901	./quality-samples/sample1.jpg
webp	1280	10	98478	0.01715436	./quality-samples/sample3.jpg
jpeg	1280	95	449308	0.00049882	./quality-samples/sample0.jpg
jpeg	1280	90	317669	0.0007971	./quality-samples/sample0.jpg
jpeg	1280	100	880562	0.00034556	./quality-samples/sample0.jpg
jpeg	1280	75	180215	0.00105538	./quality-samples/sample2.jpg
jpeg	1280	65	148296	0.00160077	./quality-samples/sample2.jpg
jpeg	1280	70	163145	0.00136473	./quality-samples/sample2.jpg
jpeg	1280	80	208268	0.00083699	./quality-samples/sample2.jpg
jpeg	1280	85	251091	0.00061146	./quality-samples/sample2.jpg
jpeg	1280	45	258735	0.0037073	./quality-samples/sample1.jpg
jpeg	1280	55	295638	0.00289396	./quality-samples/sample1.jpg
jpeg	1280	50	276911	0.00325265	./quality-samples/sample1.jpg
jpeg	1280	60	318821	0.00255975	./quality-samples/sample1.jpg
jpeg	1280	40	238032	0.0042749	./quality-samples/sample1.jpg
jpeg	1280	90	330592	0.00038527	./quality-samples/sample2.jpg
jpeg	1280	95	512343	0.00020038	./quality-samples/sample2.jpg
jpeg	1280	100	1201942	0.00006073	./quality-samples/sample2.jpg
webp	1280	35	173706	0.00756419	./quality-samples/sample3.jpg
webp	1280	20	129672	0.01162144	./quality-samples/sample3.jpg
webp	1280	30	160144	0.00857957	./quality-samples/sample3.jpg
webp	1280	25	144694	0.00999216	./quality-samples/sample3.jpg
webp	1280	15	114626	0.01381288	./quality-samples/sample3.jpg
jpeg	1280	65	348272	0.00218086	./quality-samples/sample1.jpg
jpeg	1280	75	423846	0.00153745	./quality-samples/sample1.jpg
jpeg	1280	80	487245	0.00121011	./quality-samples/sample1.jpg
jpeg	1280	70	383987	0.00183911	./quality-samples/sample1.jpg
jpeg	1280	85	576380	0.00090703	./quality-samples/sample1.jpg
webp	1920	10	95242	0.0087219	./quality-samples/sample0.jpg
webp	1280	45	205806	0.00583558	./quality-samples/sample3.jpg
webp	1280	55	234262	0.00456101	./quality-samples/sample3.jpg
webp	1280	40	191520	0.00650546	./quality-samples/sample3.jpg
webp	1280	60	247760	0.00425824	./quality-samples/sample3.jpg
webp	1280	50	219860	0.00533521	./quality-samples/sample3.jpg
jpeg	1280	95	1116397	0.00030379	./quality-samples/sample1.jpg
jpeg	1280	90	740924	0.00060512	./quality-samples/sample1.jpg
jpeg	1280	100	2198911	0.00008154	./quality-samples/sample1.jpg
webp	1920	20	121054	0.00620472	./quality-samples/sample0.jpg
webp	1920	35	157058	0.00400931	./quality-samples/sample0.jpg
webp	1920	25	132514	0.0052935	./quality-samples/sample0.jpg
webp	1920	30	145784	0.00451833	./quality-samples/sample0.jpg
webp	1920	15	107978	0.00723831	./quality-samples/sample0.jpg
webp	1920	10	50118	0.01077112	./quality-samples/sample2.jpg
webp	1280	75	303288	0.00298551	./quality-samples/sample3.jpg
webp	1280	80	366798	0.00227145	./quality-samples/sample3.jpg
webp	1280	65	265208	0.00389855	./quality-samples/sample3.jpg
webp	1280	85	447120	0.00143875	./quality-samples/sample3.jpg
webp	1920	40	170694	0.00361981	./quality-samples/sample0.jpg
webp	1280	70	278510	0.0035676	./quality-samples/sample3.jpg
webp	1920	45	184076	0.0031475	./quality-samples/sample0.jpg
webp	1920	55	206484	0.00261991	./quality-samples/sample0.jpg
webp	1920	60	216614	0.00242338	./quality-samples/sample0.jpg
webp	1920	50	195150	0.002899	./quality-samples/sample0.jpg
webp	1920	35	82464	0.00531343	./quality-samples/sample2.jpg
webp	1920	15	56880	0.00899487	./quality-samples/sample2.jpg
webp	1920	25	70736	0.00658561	./quality-samples/sample2.jpg
webp	1920	20	63562	0.00757459	./quality-samples/sample2.jpg
webp	1920	30	76252	0.00585918	./quality-samples/sample2.jpg
webp	1920	80	302242	0.00150693	./quality-samples/sample0.jpg
webp	1920	75	254052	0.00192564	./quality-samples/sample0.jpg
webp	1920	70	239354	0.00208695	./quality-samples/sample0.jpg
webp	1920	65	228452	0.00222873	./quality-samples/sample0.jpg
webp	1920	85	367874	0.00112682	./quality-samples/sample0.jpg
jpeg	1280	10	105769	0.02901798	./quality-samples/sample3.jpg
webp	1280	90	579684	0.00092114	./quality-samples/sample3.jpg
webp	1280	95	820848	0.00052057	./quality-samples/sample3.jpg
webp	1280	100	1184196	0.00033575	./quality-samples/sample3.jpg
webp	1920	10	149148	0.01664175	./quality-samples/sample1.jpg
webp	1920	40	89484	0.00474556	./quality-samples/sample2.jpg
webp	1920	60	115942	0.00321557	./quality-samples/sample2.jpg
webp	1920	45	95688	0.00429567	./quality-samples/sample2.jpg
webp	1920	50	101834	0.00397278	./quality-samples/sample2.jpg
webp	1920	55	108016	0.00348832	./quality-samples/sample2.jpg
jpeg	1920	10	101718	0.02173227	./quality-samples/sample0.jpg
webp	1920	90	477492	0.00077173	./quality-samples/sample0.jpg
webp	1920	95	677102	0.00049948	./quality-samples/sample0.jpg
webp	1920	100	950096	0.00034405	./quality-samples/sample0.jpg
jpeg	1280	30	211508	0.00731108	./quality-samples/sample3.jpg
jpeg	1280	25	188810	0.00911863	./quality-samples/sample3.jpg
jpeg	1280	20	163583	0.01205286	./quality-samples/sample3.jpg
jpeg	1280	35	233069	0.00612086	./quality-samples/sample3.jpg
jpeg	1920	20	148273	0.00903637	./quality-samples/sample0.jpg
jpeg	1920	15	126882	0.01284926	./quality-samples/sample0.jpg
jpeg	1920	35	202620	0.00459001	./quality-samples/sample0.jpg
webp	1920	25	215276	0.01009355	./quality-samples/sample1.jpg
jpeg	1920	25	167830	0.00680539	./quality-samples/sample0.jpg
jpeg	1920	30	185632	0.00548885	./quality-samples/sample0.jpg
webp	1920	15	171488	0.01371292	./quality-samples/sample1.jpg
webp	1920	80	175166	0.0019253	./quality-samples/sample2.jpg
webp	1920	85	233056	0.00135979	./quality-samples/sample2.jpg
webp	1920	20	192100	0.01177304	./quality-samples/sample1.jpg
jpeg	1280	15	136521	0.01711496	./quality-samples/sample3.jpg
webp	1920	75	142950	0.00244372	./quality-samples/sample2.jpg
webp	1920	65	123426	0.00302047	./quality-samples/sample2.jpg
webp	1920	30	242734	0.00861931	./quality-samples/sample1.jpg
webp	1920	70	132684	0.0027099	./quality-samples/sample2.jpg
webp	1920	35	263648	0.00763631	./quality-samples/sample1.jpg
jpeg	1920	60	279505	0.00251049	./quality-samples/sample0.jpg
jpeg	1920	50	246797	0.00313863	./quality-samples/sample0.jpg
jpeg	1920	45	232925	0.00350655	./quality-samples/sample0.jpg
jpeg	1920	40	216962	0.00400046	./quality-samples/sample0.jpg
jpeg	1920	55	261484	0.0028089	./quality-samples/sample0.jpg
jpeg	1280	45	271246	0.00462363	./quality-samples/sample3.jpg
jpeg	1280	55	306968	0.00366894	./quality-samples/sample3.jpg
jpeg	1920	10	118440	0.02237022	./quality-samples/sample2.jpg
jpeg	1280	60	328911	0.00325811	./quality-samples/sample3.jpg
webp	1920	95	652636	0.00041856	./quality-samples/sample2.jpg
webp	1920	90	342856	0.00085211	./quality-samples/sample2.jpg
webp	1920	55	374288	0.00473865	./quality-samples/sample1.jpg
webp	1920	40	292500	0.0067178	./quality-samples/sample1.jpg
jpeg	1920	75	361458	0.00153461	./quality-samples/sample0.jpg
jpeg	1280	50	288798	0.00409945	./quality-samples/sample3.jpg
webp	1920	45	318296	0.00597979	./quality-samples/sample1.jpg
jpeg	1920	65	301832	0.002162	./quality-samples/sample0.jpg
webp	1920	50	341208	0.00543791	./quality-samples/sample1.jpg
jpeg	1280	40	251033	0.00529145	./quality-samples/sample3.jpg
webp	1920	100	964096	0.00028165	./quality-samples/sample2.jpg
jpeg	1920	70	329394	0.00185599	./quality-samples/sample0.jpg
jpeg	1920	85	483437	0.00091655	./quality-samples/sample0.jpg
jpeg	1920	80	411941	0.00121737	./quality-samples/sample0.jpg
webp	1920	60	400092	0.00438247	./quality-samples/sample1.jpg
jpeg	1920	35	192971	0.00387876	./quality-samples/sample2.jpg
jpeg	1920	30	179057	0.00495639	./quality-samples/sample2.jpg
jpeg	1920	95	881937	0.00036297	./quality-samples/sample0.jpg
jpeg	1280	80	493636	0.00162022	./quality-samples/sample3.jpg
jpeg	1280	85	581382	0.0012162	./quality-samples/sample3.jpg
jpeg	1920	100	1768891	0.00019788	./quality-samples/sample0.jpg
jpeg	1920	15	135023	0.01321556	./quality-samples/sample2.jpg
jpeg	1920	90	608762	0.00061555	./quality-samples/sample0.jpg
jpeg	1920	20	150185	0.00901266	./quality-samples/sample2.jpg
jpeg	1920	25	164863	0.00648708	./quality-samples/sample2.jpg
jpeg	1280	70	390464	0.00242906	./quality-samples/sample3.jpg
jpeg	1280	65	356498	0.00283706	./quality-samples/sample3.jpg
jpeg	1280	75	430200	0.00204502	./quality-samples/sample3.jpg
webp	1920	65	438504	0.00379832	./quality-samples/sample1.jpg
webp	1920	75	509688	0.00302068	./quality-samples/sample1.jpg
webp	1920	70	483682	0.00338518	./quality-samples/sample1.jpg
webp	1920	80	664808	0.00205864	./quality-samples/sample1.jpg
webp	1920	85	905446	0.00129984	./quality-samples/sample1.jpg
jpeg	1920	45	219858	0.00273225	./quality-samples/sample2.jpg
jpeg	1920	55	246069	0.002081	./quality-samples/sample2.jpg
jpeg	1920	40	205044	0.00327598	./quality-samples/sample2.jpg
jpeg	1920	50	232766	0.00234457	./quality-samples/sample2.jpg
jpeg	1920	60	264711	0.0018512	./quality-samples/sample2.jpg
jpeg	1280	90	736415	0.00080821	./quality-samples/sample3.jpg
jpeg	1920	10	189842	0.02648907	./quality-samples/sample1.jpg
jpeg	1280	95	1066211	0.00044096	./quality-samples/sample3.jpg
jpeg	1280	100	2167754	0.00021081	./quality-samples/sample3.jpg
webp	1920	90	1247144	0.00071261	./quality-samples/sample1.jpg
webp	1920	95	1840640	0.00032588	./quality-samples/sample1.jpg
webp	1920	100	2558010	0.00018662	./quality-samples/sample1.jpg
jpeg	1920	65	289606	0.00152177	./quality-samples/sample2.jpg
jpeg	1920	75	358059	0.00098861	./quality-samples/sample2.jpg
jpeg	1920	85	512573	0.00053638	./quality-samples/sample2.jpg
jpeg	1920	70	320904	0.00130102	./quality-samples/sample2.jpg
jpeg	1920	80	420100	0.00076392	./quality-samples/sample2.jpg
jpeg	1920	15	241757	0.01582651	./quality-samples/sample1.jpg
jpeg	1920	30	382332	0.00625924	./quality-samples/sample1.jpg
jpeg	1920	35	427835	0.00513173	./quality-samples/sample1.jpg
jpeg	1920	20	289583	0.01077741	./quality-samples/sample1.jpg
jpeg	1920	25	337122	0.00794032	./quality-samples/sample1.jpg
jpeg	1920	90	677607	0.00031982	./quality-samples/sample2.jpg
jpeg	1920	95	1035897	0.00015972	./quality-samples/sample2.jpg
jpeg	1920	100	2317454	0.00005126	./quality-samples/sample2.jpg
jpeg	1920	40	465738	0.00437258	./quality-samples/sample1.jpg
jpeg	1920	55	589189	0.00288077	./quality-samples/sample1.jpg
jpeg	1920	50	548665	0.0032671	./quality-samples/sample1.jpg
jpeg	1920	45	510066	0.00375853	./quality-samples/sample1.jpg
jpeg	1920	60	638841	0.00252972	./quality-samples/sample1.jpg
webp	1920	10	174364	0.0164109	./quality-samples/sample3.jpg
jpeg	1920	65	701709	0.00211488	./quality-samples/sample1.jpg
jpeg	1920	70	776997	0.00175669	./quality-samples/sample1.jpg
jpeg	1920	75	859503	0.00143318	./quality-samples/sample1.jpg
jpeg	1920	85	1166918	0.00081439	./quality-samples/sample1.jpg
jpeg	1920	80	988523	0.00111123	./quality-samples/sample1.jpg
webp	1920	15	201934	0.01324223	./quality-samples/sample3.jpg
webp	1920	20	226858	0.01139958	./quality-samples/sample3.jpg
webp	1920	35	301912	0.00758507	./quality-samples/sample3.jpg
webp	1920	25	253440	0.00965076	./quality-samples/sample3.jpg
webp	1920	30	279712	0.00840649	./quality-samples/sample3.jpg
jpeg	1920	90	1483922	0.00053232	./quality-samples/sample1.jpg
jpeg	1920	95	2189612	0.0002649	./quality-samples/sample1.jpg
jpeg	1920	100	4369223	0.00006804	./quality-samples/sample1.jpg
webp	1920	50	383244	0.00526982	./quality-samples/sample3.jpg
webp	1920	40	329986	0.00671834	./quality-samples/sample3.jpg
webp	1920	45	356450	0.00575908	./quality-samples/sample3.jpg
webp	1920	55	409316	0.00474869	./quality-samples/sample3.jpg
webp	1920	60	429092	0.00440514	./quality-samples/sample3.jpg
webp	1920	75	520580	0.00320326	./quality-samples/sample3.jpg
webp	1920	85	818498	0.00163703	./quality-samples/sample3.jpg
webp	1920	65	462232	0.0039122	./quality-samples/sample3.jpg
webp	1920	70	490052	0.00349185	./quality-samples/sample3.jpg
webp	1920	80	641974	0.00231936	./quality-samples/sample3.jpg
jpeg	1920	10	207035	0.0293587	./quality-samples/sample3.jpg
webp	1920	90	1080886	0.00090889	./quality-samples/sample3.jpg
webp	1920	95	1626824	0.00048841	./quality-samples/sample3.jpg
webp	1920	100	2386214	0.00031641	./quality-samples/sample3.jpg
jpeg	1920	15	262787	0.01718597	./quality-samples/sample3.jpg
jpeg	1920	35	443832	0.00583825	./quality-samples/sample3.jpg
jpeg	1920	20	312832	0.011876	./quality-samples/sample3.jpg
jpeg	1920	25	359922	0.00888968	./quality-samples/sample3.jpg
jpeg	1920	30	402677	0.00704491	./quality-samples/sample3.jpg
jpeg	1920	50	549841	0.0038201	./quality-samples/sample3.jpg
jpeg	1920	45	516560	0.00433894	./quality-samples/sample3.jpg
jpeg	1920	55	584405	0.00339991	./quality-samples/sample3.jpg
jpeg	1920	60	626903	0.00300818	./quality-samples/sample3.jpg
jpeg	1920	40	477797	0.0050034	./quality-samples/sample3.jpg
jpeg	1920	85	1114922	0.00107898	./quality-samples/sample3.jpg
jpeg	1920	70	746073	0.0022029	./quality-samples/sample3.jpg
jpeg	1920	75	822100	0.00183079	./quality-samples/sample3.jpg
jpeg	1920	80	944214	0.00143897	./quality-samples/sample3.jpg
jpeg	1920	65	680798	0.00257911	./quality-samples/sample3.jpg
jpeg	1920	90	1419627	0.00072389	./quality-samples/sample3.jpg
jpeg	1920	95	2083239	0.0004048	./quality-samples/sample3.jpg
jpeg	1920	100	4449574	0.00016971	./quality-samples/sample3.jpg
Writing File

File Written

